{
    "BIOMED": {
        "CHEMPROT": {
            "label_type": "relation classification",
            "dataset": {
                "train_labeled": 4169,
                "dev": 2427,
                "test": 3469,
                "classes": 13
            },
            "performance": {
                "baseline": {
                    "ROBERTA": {
                        "F1": 0.819,
                        "std_dev": 0.001
                    },
                    "DAPT": {
                        "F1": 0.842,
                        "std_dev": 0.002
                    },
                    "TAPT": {
                        "F1": 0.826,
                        "std_dev": 0.004
                    },
                    "DAPT_TAPT": {
                        "F1": 0.844,
                        "std_dev": 0.004
                    }
                },
                "best_finetuning": {
                    "ROBERTA": {
                        "F1": 0.8069184202940329,
                        "std_dev": 0.005459607082643225
                    },
                    "DAPT": {
                        "F1": 0.8171807437301816,
                        "std_dev": 0.0040634473194214316
                    },
                    "NaN": {
                        "F1": 0.8170654367252812,
                        "std_dev": 0.009185290438874168
                    },
                    "TAPT": {
                        "F1": 0.7988469299509945,
                        "std_dev": 0.006600004147604079
                    },
                    "DAPT_TAPT": {
                        "F1": 0.8170654367252812,
                        "std_dev": 0.009185290438874151
                    }
                },
                "best_pfeiffer": {
                    "ROBERTA": {
                        "F1": 0.8038051311617181,
                        "std_dev": 0.005227109579310767
                    },
                    "DAPT": {
                        "F1": 0.818506774286538,
                        "std_dev": 0.005134885172036116
                    },
                    "NaN": {
                        "F1": 0.8167195157105794,
                        "std_dev": 0.0038642902458201752
                    },
                    "TAPT": {
                        "F1": 0.8079561833381378,
                        "std_dev": 0.004463029085847032
                    },
                    "DAPT_TAPT": {
                        "F1": 0.8167195157105794,
                        "std_dev": 0.0038642902458201882
                    }
                },
                "best_houlsby": {
                    "ROBERTA": {
                        "F1": 0.809455174401845,
                        "std_dev": 0.004040889526917318
                    },
                    "DAPT": {
                        "F1": 0.8215624099164025,
                        "std_dev": 0.006769684961555152
                    },
                    "NaN": {
                        "F1": 0.8229460939752091,
                        "std_dev": 0.003970355234753871
                    },
                    "TAPT": {
                        "F1": 0.8067454597866821,
                        "std_dev": 0.006499137944861526
                    },
                    "DAPT_TAPT": {
                        "F1": 0.8229460939752091,
                        "std_dev": 0.003970355234753844
                    }
                }
            }
        },
        "RCT": {
            "label_type": "abstract sent. roles",
            "dataset": {
                "train_labeled": 18040,
                "dev": 30212,
                "test": 30135,
                "classes": 5
            },
            "performance": {
                "baseline": {
                    "ROBERTA": {
                        "F1": 0.872,
                        "std_dev": 0.001
                    },
                    "DAPT": {
                        "F1": 0.876,
                        "std_dev": 0.001
                    },
                    "TAPT": {
                        "F1": 0.877,
                        "std_dev": 0.001
                    },
                    "DAPT_TAPT": {
                        "F1": 0.878,
                        "std_dev": 0.001
                    }
                }
            }
        }
    },
    "CS": {
        "ACL-ARC": {
            "label_type": "citation intent",
            "dataset": {
                "train_labeled": 1688,
                "dev": 114,
                "test": 139,
                "classes": 6
            },
            "performance": {
                "baseline": {
                    "ROBERTA": {
                        "F1": 0.63,
                        "std_dev": 0.058
                    },
                    "DAPT": {
                        "F1": 0.754,
                        "std_dev": 0.025
                    },
                    "TAPT": {
                        "F1": 0.674,
                        "std_dev": 0.018
                    },
                    "DAPT_TAPT": {
                        "F1": 0.756,
                        "std_dev": 0.038
                    }
                },
                "best_finetuning": {
                    "ROBERTA": {
                        "F1": 0.663377522799207,
                        "std_dev": 0.04667398848630727
                    },
                    "DAPT": {
                        "F1": 0.7465411632955493,
                        "std_dev": 0.0333123305309255
                    },
                    "TAPT": {
                        "F1": 0.6949014170668122,
                        "std_dev": 0.02239185827781099
                    },
                    "DAPT_TAPT": {
                        "F1": 0.7489438502531613,
                        "std_dev": 0.024795297499408623
                    },
                    "NaN": {
                        "F1": 0.6090810190683814,
                        "std_dev": 0.14186440433992648
                    },
                    "ROBERTA_best": {
                        "F1": NaN,
                        "std_dev": NaN
                    },
                    "DAPT_best": {
                        "F1": NaN,
                        "std_dev": NaN
                    }
                },
                "best_pfeiffer": {
                    "ROBERTA": {
                        "F1": 0.6712343784193966,
                        "std_dev": 0.018508321265433787
                    },
                    "DAPT": {
                        "F1": 0.733230395724972,
                        "std_dev": 0.0179218833089146
                    },
                    "TAPT": {
                        "F1": 0.6722374874020548,
                        "std_dev": 0.039158452956744846
                    },
                    "DAPT_TAPT": {
                        "F1": 0.7319967440314457,
                        "std_dev": 0.028407575231015503
                    },
                    "NaN": {
                        "F1": NaN,
                        "std_dev": NaN
                    },
                    "ROBERTA_best": {
                        "F1": 0.675319088129074,
                        "std_dev": 0.029870482368780808
                    },
                    "DAPT_best": {
                        "F1": 0.7419644510319745,
                        "std_dev": 0.017748844078867006
                    }
                },
                "best_houlsby": {
                    "ROBERTA": {
                        "F1": 0.6552669011904053,
                        "std_dev": 0.013019191494868708
                    },
                    "DAPT": {
                        "F1": 0.740322307139114,
                        "std_dev": 0.03358464889137708
                    },
                    "TAPT": {
                        "F1": 0.6512142002812703,
                        "std_dev": 0.012157156119804073
                    },